Week,30_yr_FRM,15_yr_FRM
16/04/1971,7.31,
23/04/1971,7.31,
30/04/1971,7.29,
07/05/1971,7.38,
14/05/1971,7.42,
21/05/1971,7.44,
28/05/1971,7.46,
04/06/1971,7.52,
11/06/1971,7.52,
18/06/1971,7.54,
25/06/1971,7.54,
02/07/1971,7.54,
09/07/1971,7.54,
16/07/1971,7.60,
23/07/1971,7.65,
30/07/1971,7.69,
06/08/1971,7.66,
13/08/1971,7.73,
20/08/1971,7.71,
27/08/1971,7.69,
03/09/1971,7.71,
10/09/1971,7.67,
17/09/1971,7.70,
24/09/1971,7.67,
01/10/1971,7.67,
08/10/1971,7.63,
15/10/1971,7.63,
22/10/1971,7.58,
29/10/1971,7.63,
05/11/1971,7.59,
12/11/1971,7.56,
19/11/1971,7.54,
26/11/1971,7.51,
03/12/1971,7.49,
10/12/1971,7.47,
17/12/1971,7.48,
24/12/1971,7.48,
31/12/1971,7.48,
07/01/1972,7.46,
14/01/1972,7.46,
21/01/1972,7.43,
28/01/1972,7.40,
04/02/1972,7.35,
11/02/1972,7.33,
18/02/1972,7.31,
25/02/1972,7.31,
03/03/1972,7.32,
10/03/1972,7.32,
17/03/1972,7.31,
24/03/1972,7.31,
31/03/1972,7.23,
07/04/1972,7.25,
14/04/1972,7.29,
21/04/1972,7.29,
28/04/1972,7.33,
05/05/1972,7.33,
12/05/1972,7.38,
19/05/1972,7.38,
26/05/1972,7.40,
02/06/1972,7.36,
09/06/1972,7.38,
16/06/1972,7.38,
23/06/1972,7.36,
30/06/1972,7.38,
07/07/1972,7.38,
14/07/1972,7.40,
21/07/1972,7.40,
28/07/1972,7.40,
04/08/1972,7.35,
11/08/1972,7.41,
18/08/1972,7.42,
25/08/1972,7.42,
01/09/1972,7.42,
08/09/1972,7.42,
15/09/1972,7.42,
22/09/1972,7.41,
29/09/1972,7.43,
06/10/1972,7.41,
13/10/1972,7.41,
20/10/1972,7.44,
27/10/1972,7.42,
03/11/1972,7.43,
10/11/1972,7.42,
17/11/1972,7.42,
24/11/1972,7.44,
01/12/1972,7.45,
08/12/1972,7.43,
15/12/1972,7.43,
22/12/1972,7.45,
29/12/1972,7.45,
05/01/1973,7.44,
12/01/1973,7.44,
19/01/1973,7.44,
26/01/1973,7.43,
02/02/1973,7.43,
09/02/1973,7.43,
16/02/1973,7.45,
23/02/1973,7.45,
02/03/1973,7.45,
09/03/1973,7.45,
16/03/1973,7.45,
23/03/1973,7.45,
30/03/1973,7.49,
06/04/1973,7.51,
13/04/1973,7.54,
20/04/1973,7.56,
27/04/1973,7.56,
04/05/1973,7.58,
11/05/1973,7.64,
18/05/1973,7.69,
24/05/1973,7.70,
01/06/1973,7.70,
08/06/1973,7.73,
15/06/1973,7.73,
22/06/1973,7.75,
29/06/1973,7.76,
06/07/1973,7.89,
13/07/1973,8.01,
20/07/1973,8.12,
27/07/1973,8.18,
03/08/1973,8.26,
10/08/1973,8.40,
17/08/1973,8.55,
24/08/1973,8.61,
31/08/1973,8.66,
07/09/1973,8.77,
14/09/1973,8.81,
21/09/1973,8.83,
28/09/1973,8.85,
05/10/1973,8.82,
12/10/1973,8.83,
19/10/1973,8.75,
26/10/1973,8.68,
02/11/1973,8.62,
09/11/1973,8.59,
16/11/1973,8.58,
23/11/1973,8.57,
30/11/1973,8.55,
07/12/1973,8.53,
14/12/1973,8.53,
21/12/1973,8.53,
28/12/1973,8.56,
04/01/1974,8.56,
11/01/1974,8.53,
18/01/1974,8.55,
25/01/1974,8.52,
01/02/1974,8.48,
08/02/1974,8.46,
15/02/1974,8.46,
22/02/1974,8.42,
01/03/1974,8.41,
08/03/1974,8.41,
15/03/1974,8.40,
22/03/1974,8.40,
29/03/1974,8.41,
05/04/1974,8.44,
12/04/1974,8.53,
19/04/1974,8.63,
26/04/1974,8.73,
03/05/1974,8.87,
10/05/1974,8.98,
17/05/1974,8.97,
24/05/1974,9.01,
31/05/1974,9.03,
07/06/1974,9.06,
14/06/1974,9.11,
21/06/1974,9.07,
28/06/1974,9.10,
05/07/1974,9.14,
12/07/1974,9.19,
19/07/1974,9.37,
26/07/1974,9.42,
02/08/1974,9.47,
09/08/1974,9.50,
16/08/1974,9.60,
23/08/1974,9.62,
30/08/1974,9.74,
06/09/1974,9.88,
13/09/1974,9.92,
20/09/1974,10.00,
27/09/1974,10.03,
04/10/1974,10.02,
11/10/1974,9.96,
18/10/1974,9.99,
25/10/1974,9.94,
01/11/1974,9.87,
08/11/1974,9.81,
15/11/1974,9.81,
22/11/1974,9.73,
29/11/1974,9.72,
06/12/1974,9.69,
13/12/1974,9.63,
20/12/1974,9.58,
27/12/1974,9.56,
03/01/1975,9.60,
10/01/1975,9.49,
17/01/1975,9.43,
24/01/1975,9.35,
31/01/1975,9.29,
07/02/1975,9.20,
14/02/1975,9.13,
21/02/1975,9.07,
28/02/1975,9.02,
07/03/1975,9.00,
14/03/1975,8.89,
21/03/1975,8.86,
28/03/1975,8.86,
04/04/1975,8.83,
11/04/1975,8.81,
18/04/1975,8.80,
25/04/1975,8.84,
02/05/1975,8.92,
09/05/1975,8.88,
16/05/1975,8.92,
23/05/1975,8.92,
30/05/1975,8.89,
06/06/1975,8.89,
13/06/1975,8.90,
20/06/1975,8.88,
27/06/1975,8.90,
03/07/1975,8.88,
11/07/1975,8.90,
18/07/1975,8.89,
25/07/1975,8.89,
01/08/1975,8.89,
08/08/1975,8.89,
15/08/1975,8.93,
22/08/1975,8.98,
29/08/1975,9.02,
05/09/1975,9.08,
12/09/1975,9.16,
19/09/1975,9.14,
26/09/1975,9.14,
03/10/1975,9.20,
10/10/1975,9.21,
17/10/1975,9.21,
24/10/1975,9.26,
31/10/1975,9.24,
07/11/1975,9.19,
14/11/1975,9.16,
21/11/1975,9.12,
28/11/1975,9.11,
05/12/1975,9.11,
12/12/1975,9.11,
19/12/1975,9.08,
26/12/1975,9.09,
02/01/1976,9.10,
09/01/1976,9.07,
16/01/1976,9.01,
23/01/1976,9.00,
30/01/1976,8.90,
06/02/1976,8.86,
13/02/1976,8.83,
20/02/1976,8.81,
27/02/1976,8.75,
05/03/1976,8.77,
12/03/1976,8.75,
19/03/1976,8.75,
26/03/1976,8.75,
02/04/1976,8.70,
09/04/1976,8.70,
16/04/1976,8.75,
23/04/1976,8.75,
30/04/1976,8.75,
07/05/1976,8.75,
14/05/1976,8.75,
21/05/1976,8.78,
28/05/1976,8.78,
04/06/1976,8.78,
11/06/1976,8.83,
18/06/1976,8.88,
25/06/1976,8.90,
02/07/1976,8.93,
09/07/1976,8.93,
16/07/1976,8.93,
23/07/1976,8.90,
30/07/1976,8.98,
06/08/1976,9.00,
13/08/1976,9.00,
20/08/1976,9.00,
27/08/1976,9.00,
03/09/1976,9.00,
10/09/1976,8.97,
17/09/1976,8.97,
24/09/1976,8.97,
01/10/1976,8.90,
08/10/1976,8.95,
15/10/1976,8.95,
22/10/1976,8.95,
29/10/1976,8.90,
05/11/1976,8.85,
12/11/1976,8.80,
19/11/1976,8.80,
26/11/1976,8.80,
03/12/1976,8.80,
10/12/1976,8.80,
17/12/1976,8.80,
24/12/1976,8.78,
31/12/1976,8.78,
07/01/1977,8.70,
14/01/1977,8.73,
21/01/1977,8.73,
28/01/1977,8.73,
04/02/1977,8.68,
11/02/1977,8.70,
18/02/1977,8.65,
25/02/1977,8.65,
04/03/1977,8.65,
11/03/1977,8.70,
18/03/1977,8.70,
25/03/1977,8.70,
01/04/1977,8.70,
08/04/1977,8.75,
15/04/1977,8.75,
22/04/1977,8.78,
29/04/1977,8.78,
06/05/1977,8.78,
13/05/1977,8.83,
20/05/1977,8.85,
27/05/1977,8.85,
03/06/1977,8.85,
10/06/1977,8.85,
17/06/1977,8.85,
24/06/1977,8.88,
01/07/1977,8.95,
08/07/1977,8.93,
15/07/1977,8.95,
22/07/1977,8.95,
29/07/1977,8.93,
05/08/1977,8.95,
12/08/1977,8.95,
19/08/1977,8.93,
26/08/1977,8.93,
02/09/1977,8.88,
09/09/1977,8.90,
16/09/1977,8.90,
23/09/1977,8.90,
30/09/1977,8.90,
07/10/1977,8.93,
14/10/1977,8.93,
21/10/1977,8.93,
28/10/1977,8.90,
04/11/1977,8.90,
11/11/1977,8.93,
18/11/1977,8.93,
25/11/1977,8.93,
02/12/1977,8.95,
09/12/1977,8.95,
16/12/1977,8.95,
23/12/1977,8.95,
30/12/1977,9.00,
06/01/1978,9.00,
13/01/1978,9.03,
20/01/1978,8.98,
27/01/1978,9.05,
03/02/1978,9.13,
10/02/1978,9.15,
17/02/1978,9.15,
24/02/1978,9.15,
03/03/1978,9.15,
10/03/1978,9.15,
17/03/1978,9.23,
24/03/1978,9.23,
31/03/1978,9.25,
07/04/1978,9.28,
14/04/1978,9.33,
21/04/1978,9.38,
28/04/1978,9.43,
05/05/1978,9.48,
12/05/1978,9.55,
19/05/1978,9.58,
26/05/1978,9.68,
02/06/1978,9.68,
09/06/1978,9.70,
16/06/1978,9.73,
23/06/1978,9.70,
30/06/1978,9.73,
07/07/1978,9.73,
14/07/1978,9.73,
21/07/1978,9.75,
28/07/1978,9.75,
04/08/1978,9.78,
11/08/1978,9.78,
18/08/1978,9.78,
25/08/1978,9.80,
01/09/1978,9.75,
08/09/1978,9.75,
15/09/1978,9.75,
22/09/1978,9.75,
29/09/1978,9.78,
06/10/1978,9.85,
13/10/1978,9.85,
20/10/1978,9.85,
27/10/1978,9.88,
03/11/1978,9.90,
10/11/1978,10.05,
17/11/1978,10.20,
24/11/1978,10.28,
01/12/1978,10.30,
08/12/1978,10.35,
15/12/1978,10.35,
22/12/1978,10.35,
29/12/1978,10.38,
05/01/1979,10.38,
12/01/1979,10.38,
19/01/1979,10.40,
26/01/1979,10.40,
02/02/1979,10.40,
09/02/1979,10.43,
16/02/1979,10.40,
23/02/1979,10.40,
02/03/1979,10.43,
09/03/1979,10.40,
16/03/1979,10.40,
23/03/1979,10.45,
30/03/1979,10.45,
06/04/1979,10.48,
13/04/1979,10.48,
20/04/1979,10.50,
27/04/1979,10.53,
04/05/1979,10.60,
11/05/1979,10.68,
18/05/1979,10.73,
25/05/1979,10.75,
01/06/1979,10.90,
08/06/1979,11.03,
15/06/1979,11.05,
22/06/1979,11.10,
29/06/1979,11.10,
06/07/1979,11.13,
13/07/1979,11.08,
20/07/1979,11.08,
27/07/1979,11.08,
03/08/1979,11.08,
10/08/1979,11.08,
17/08/1979,11.08,
24/08/1979,11.10,
31/08/1979,11.13,
07/09/1979,11.20,
14/09/1979,11.30,
21/09/1979,11.35,
28/09/1979,11.35,
05/10/1979,11.35,
12/10/1979,11.45,
19/10/1979,11.75,
26/10/1979,12.00,
02/11/1979,12.80,
09/11/1979,12.85,
16/11/1979,12.80,
23/11/1979,12.80,
30/11/1979,12.90,
07/12/1979,12.90,
14/12/1979,12.90,
21/12/1979,12.90,
28/12/1979,12.90,
04/01/1980,12.85,
11/01/1980,12.90,
18/01/1980,12.87,
25/01/1980,12.89,
01/02/1980,12.85,
08/02/1980,12.85,
15/02/1980,12.88,
22/02/1980,13.03,
29/02/1980,13.59,
07/03/1980,14.00,
14/03/1980,15.40,
21/03/1980,15.70,
28/03/1980,16.03,
04/04/1980,16.35,
11/04/1980,16.35,
18/04/1980,16.35,
25/04/1980,16.25,
02/05/1980,15.90,
09/05/1980,14.68,
16/05/1980,14.15,
23/05/1980,13.38,
30/05/1980,13.20,
06/06/1980,13.06,
13/06/1980,12.85,
20/06/1980,12.58,
27/06/1980,12.35,
04/07/1980,12.18,
11/07/1980,12.23,
18/07/1980,12.18,
25/07/1980,12.18,
01/08/1980,12.25,
08/08/1980,12.25,
15/08/1980,12.55,
22/08/1980,12.80,
29/08/1980,12.95,
05/09/1980,13.03,
12/09/1980,13.08,
19/09/1980,13.25,
26/09/1980,13.43,
03/10/1980,13.60,
10/10/1980,13.73,
17/10/1980,13.78,
24/10/1980,13.85,
31/10/1980,14.00,
07/11/1980,14.08,
14/11/1980,14.18,
21/11/1980,14.28,
28/11/1980,14.28,
05/12/1980,14.43,
12/12/1980,14.83,
19/12/1980,14.95,
26/12/1980,14.95,
02/01/1981,14.95,
09/01/1981,14.80,
16/01/1981,14.85,
23/01/1981,14.85,
30/01/1981,15.07,
06/02/1981,15.00,
13/02/1981,15.03,
20/02/1981,15.20,
27/02/1981,15.30,
06/03/1981,15.40,
13/03/1981,15.40,
20/03/1981,15.40,
27/03/1981,15.40,
03/04/1981,15.40,
10/04/1981,15.50,
17/04/1981,15.65,
24/04/1981,15.77,
01/05/1981,15.82,
08/05/1981,16.12,
15/05/1981,16.64,
22/05/1981,16.63,
29/05/1981,16.80,
05/06/1981,16.76,
12/06/1981,16.69,
19/06/1981,16.71,
26/06/1981,16.62,
03/07/1981,16.64,
10/07/1981,16.79,
17/07/1981,16.74,
24/07/1981,16.88,
31/07/1981,17.11,
07/08/1981,17.13,
14/08/1981,17.27,
21/08/1981,17.26,
28/08/1981,17.48,
04/09/1981,17.79,
11/09/1981,18.22,
18/09/1981,18.27,
25/09/1981,18.36,
02/10/1981,18.28,
09/10/1981,18.63,
16/10/1981,18.53,
21/10/1981,18.39,
30/10/1981,18.44,
06/11/1981,18.37,
13/11/1981,18.02,
20/11/1981,17.70,
27/11/1981,17.21,
04/12/1981,16.90,
11/12/1981,16.94,
18/12/1981,16.90,
25/12/1981,16.95,
31/12/1981,17.04,
08/01/1982,17.30,
15/01/1982,17.44,
22/01/1982,17.61,
29/01/1982,17.59,
05/02/1982,17.56,
12/02/1982,17.65,
19/02/1982,17.66,
26/02/1982,17.52,
05/03/1982,17.29,
12/03/1982,17.19,
19/03/1982,17.12,
26/03/1982,17.04,
02/04/1982,16.95,
09/04/1982,16.91,
16/04/1982,16.93,
23/04/1982,16.86,
30/04/1982,16.81,
07/05/1982,16.78,
14/05/1982,16.63,
21/05/1982,16.67,
28/05/1982,16.63,
04/06/1982,16.65,
11/06/1982,16.70,
18/06/1982,16.71,
25/06/1982,16.73,
02/07/1982,16.87,
09/07/1982,16.93,
16/07/1982,16.88,
23/07/1982,16.75,
30/07/1982,16.65,
06/08/1982,16.55,
13/08/1982,16.44,
20/08/1982,16.21,
27/08/1982,15.88,
03/09/1982,15.59,
10/09/1982,15.56,
17/09/1982,15.38,
24/09/1982,15.19,
01/10/1982,15.13,
08/10/1982,14.96,
15/10/1982,14.60,
22/10/1982,14.20,
29/10/1982,14.15,
05/11/1982,13.91,
12/11/1982,13.84,
19/11/1982,13.78,
26/11/1982,13.77,
03/12/1982,13.66,
10/12/1982,13.66,
17/12/1982,13.63,
24/12/1982,13.60,
31/12/1982,13.57,
07/01/1983,13.46,
14/01/1983,13.31,
21/01/1983,13.12,
28/01/1983,13.10,
04/02/1983,13.06,
11/02/1983,13.06,
18/02/1983,13.07,
25/02/1983,12.98,
04/03/1983,12.74,
11/03/1983,12.79,
18/03/1983,12.81,
25/03/1983,12.86,
01/04/1983,12.82,
08/04/1983,12.82,
15/04/1983,12.79,
22/04/1983,12.75,
29/04/1983,12.73,
06/05/1983,12.71,
13/05/1983,12.59,
20/05/1983,12.55,
27/05/1983,12.68,
03/06/1983,12.74,
10/06/1983,12.82,
17/06/1983,12.96,
24/06/1983,12.96,
01/07/1983,13.08,
08/07/1983,13.30,
15/07/1983,13.50,
22/07/1983,13.58,
29/07/1983,13.65,
05/08/1983,13.73,
12/08/1983,13.84,
19/08/1983,13.89,
26/08/1983,13.78,
02/09/1983,13.77,
09/09/1983,13.77,
16/09/1983,13.72,
23/09/1983,13.72,
30/09/1983,13.65,
07/10/1983,13.59,
14/10/1983,13.60,
21/10/1983,13.52,
28/10/1983,13.43,
04/11/1983,13.42,
11/11/1983,13.47,
18/11/1983,13.42,
25/11/1983,13.43,
02/12/1983,13.41,
09/12/1983,13.38,
16/12/1983,13.42,
23/12/1983,13.46,
30/12/1983,13.43,
06/01/1984,13.43,
13/01/1984,13.40,
20/01/1984,13.35,
27/01/1984,13.29,
03/02/1984,13.26,
10/02/1984,13.23,
17/02/1984,13.19,
24/02/1984,13.25,
02/03/1984,13.23,
09/03/1984,13.30,
16/03/1984,13.37,
23/03/1984,13.48,
30/03/1984,13.55,
06/04/1984,13.63,
13/04/1984,13.58,
20/04/1984,13.67,
27/04/1984,13.73,
04/05/1984,13.78,
11/05/1984,13.87,
18/05/1984,14.04,
25/05/1984,14.08,
01/06/1984,14.29,
08/06/1984,14.33,
15/06/1984,14.47,
22/06/1984,14.49,
29/06/1984,14.50,
06/07/1984,14.66,
13/07/1984,14.68,
20/07/1984,14.66,
27/07/1984,14.67,
03/08/1984,14.68,
10/08/1984,14.54,
17/08/1984,14.39,
24/08/1984,14.36,
31/08/1984,14.38,
07/09/1984,14.42,
14/09/1984,14.43,
21/09/1984,14.29,
28/09/1984,14.26,
05/10/1984,14.18,
12/10/1984,14.19,
19/10/1984,14.10,
26/10/1984,14.05,
02/11/1984,13.85,
09/11/1984,13.74,
16/11/1984,13.63,
23/11/1984,13.55,
30/11/1984,13.42,
07/12/1984,13.20,
14/12/1984,13.20,
21/12/1984,13.18,
28/12/1984,13.14,
04/01/1985,13.10,
11/01/1985,13.12,
18/01/1985,13.12,
25/01/1985,12.96,
01/02/1985,12.93,
08/02/1985,12.91,
15/02/1985,12.90,
22/02/1985,12.94,
01/03/1985,13.02,
08/03/1985,13.10,
15/03/1985,13.20,
22/03/1985,13.24,
29/03/1985,13.29,
05/04/1985,13.27,
12/04/1985,13.23,
19/04/1985,13.16,
26/04/1985,13.12,
03/05/1985,13.07,
10/05/1985,13.02,
17/05/1985,12.94,
24/05/1985,12.83,
31/05/1985,12.71,
07/06/1985,12.39,
14/06/1985,12.27,
21/06/1985,12.05,
28/06/1985,12.15,
05/07/1985,12.13,
12/07/1985,12.03,
19/07/1985,11.94,
26/07/1985,12.03,
02/08/1985,12.17,
09/08/1985,12.23,
16/08/1985,12.24,
23/08/1985,12.18,
30/08/1985,12.11,
06/09/1985,12.15,
13/09/1985,12.24,
20/09/1985,12.21,
27/09/1985,12.17,
04/10/1985,12.17,
11/10/1985,12.17,
18/10/1985,12.13,
25/10/1985,12.07,
01/11/1985,12.01,
08/11/1985,11.90,
15/11/1985,11.79,
22/11/1985,11.64,
29/11/1985,11.58,
06/12/1985,11.50,
13/12/1985,11.31,
20/12/1985,11.14,
27/12/1985,11.09,
03/01/1986,10.81,
10/01/1986,10.77,
17/01/1986,10.99,
24/01/1986,10.97,
31/01/1986,10.89,
07/02/1986,10.85,
14/02/1986,10.80,
21/02/1986,10.68,
28/02/1986,10.51,
07/03/1986,10.20,
14/03/1986,10.01,
21/03/1986,10.01,
28/03/1986,10.10,
04/04/1986,9.99,
11/04/1986,9.98,
18/04/1986,9.92,
25/04/1986,9.86,
02/05/1986,9.90,
09/05/1986,10.00,
16/05/1986,10.08,
23/05/1986,10.36,
30/05/1986,10.38,
06/06/1986,10.74,
13/06/1986,10.76,
20/06/1986,10.61,
27/06/1986,10.62,
04/07/1986,10.61,
11/07/1986,10.59,
18/07/1986,10.43,
25/07/1986,10.40,
01/08/1986,10.40,
08/08/1986,10.40,
15/08/1986,10.23,
22/08/1986,10.04,
29/08/1986,9.93,
05/09/1986,9.90,
12/09/1986,9.96,
19/09/1986,10.07,
26/09/1986,10.10,
03/10/1986,10.08,
10/10/1986,9.99,
17/10/1986,9.96,
24/10/1986,9.95,
31/10/1986,9.89,
07/11/1986,9.83,
14/11/1986,9.81,
21/11/1986,9.64,
28/11/1986,9.50,
05/12/1986,9.30,
12/12/1986,9.35,
19/12/1986,9.30,
26/12/1986,9.29,
02/01/1987,9.37,
09/01/1987,9.32,
16/01/1987,9.21,
23/01/1987,9.04,
30/01/1987,9.08,
06/02/1987,9.06,
13/02/1987,9.09,
20/02/1987,9.11,
27/02/1987,9.07,
06/03/1987,9.03,
13/03/1987,9.05,
20/03/1987,9.03,
27/03/1987,9.03,
03/04/1987,9.26,
10/04/1987,9.43,
17/04/1987,10.27,
24/04/1987,10.37,
01/05/1987,10.47,
08/05/1987,10.52,
15/05/1987,10.48,
22/05/1987,10.81,
29/05/1987,10.70,
05/06/1987,10.70,
12/06/1987,10.66,
19/06/1987,10.44,
26/06/1987,10.35,
03/07/1987,10.36,
10/07/1987,10.30,
17/07/1987,10.23,
24/07/1987,10.23,
31/07/1987,10.27,
07/08/1987,10.35,
14/08/1987,10.34,
21/08/1987,10.30,
28/08/1987,10.33,
04/09/1987,10.63,
11/09/1987,10.91,
18/09/1987,10.99,
25/09/1987,11.02,
02/10/1987,11.18,
09/10/1987,11.21,
16/10/1987,11.58,
23/10/1987,11.36,
30/10/1987,10.97,
06/11/1987,10.79,
13/11/1987,10.66,
20/11/1987,10.60,
27/11/1987,10.55,
04/12/1987,10.60,
11/12/1987,10.66,
18/12/1987,10.69,
25/12/1987,10.64,
31/12/1987,10.61,
08/01/1988,10.50,
15/01/1988,10.53,
22/01/1988,10.34,
29/01/1988,10.16,
05/02/1988,9.94,
12/02/1988,9.84,
19/02/1988,9.92,
26/02/1988,9.87,
04/03/1988,9.85,
11/03/1988,9.96,
18/03/1988,9.92,
25/03/1988,9.99,
01/04/1988,10.05,
08/04/1988,10.19,
15/04/1988,10.19,
22/04/1988,10.30,
29/04/1988,10.28,
06/05/1988,10.32,
13/05/1988,10.40,
20/05/1988,10.52,
27/05/1988,10.58,
03/06/1988,10.58,
10/06/1988,10.51,
17/06/1988,10.35,
24/06/1988,10.40,
01/07/1988,10.39,
08/07/1988,10.38,
15/07/1988,10.44,
22/07/1988,10.46,
29/07/1988,10.49,
05/08/1988,10.44,
12/08/1988,10.57,
19/08/1988,10.71,
26/08/1988,10.67,
02/09/1988,10.65,
09/09/1988,10.53,
16/09/1988,10.40,
23/09/1988,10.40,
30/09/1988,10.42,
07/10/1988,10.38,
14/10/1988,10.33,
21/10/1988,10.28,
28/10/1988,10.22,
04/11/1988,10.12,
11/11/1988,10.24,
18/11/1988,10.31,
25/11/1988,10.39,
02/12/1988,10.44,
09/12/1988,10.46,
16/12/1988,10.71,
23/12/1988,10.68,
30/12/1988,10.77,
06/01/1989,10.80,
13/01/1989,10.81,
20/01/1989,10.71,
27/01/1989,10.60,
03/02/1989,10.55,
10/02/1989,10.56,
17/02/1989,10.69,
24/02/1989,10.78,
03/03/1989,10.91,
10/03/1989,10.86,
17/03/1989,10.98,
24/03/1989,11.22,
31/03/1989,11.19,
07/04/1989,11.07,
14/04/1989,11.11,
21/04/1989,10.99,
28/04/1989,11.03,
05/05/1989,10.97,
12/05/1989,10.93,
19/05/1989,10.69,
26/05/1989,10.50,
02/06/1989,10.48,
09/06/1989,10.20,
16/06/1989,10.04,
23/06/1989,10.19,
30/06/1989,10.07,
07/07/1989,10.03,
14/07/1989,9.82,
21/07/1989,9.87,
28/07/1989,9.81,
04/08/1989,9.68,
11/08/1989,9.96,
18/08/1989,10.09,
25/08/1989,10.21,
01/09/1989,10.22,
08/09/1989,10.17,
15/09/1989,10.05,
22/09/1989,10.03,
29/09/1989,10.16,
06/10/1989,10.10,
13/10/1989,9.95,
20/10/1989,9.92,
27/10/1989,9.82,
03/11/1989,9.82,
10/11/1989,9.79,
17/11/1989,9.72,
24/11/1989,9.74,
01/12/1989,9.74,
08/12/1989,9.76,
15/12/1989,9.75,
22/12/1989,9.69,
29/12/1989,9.78,
05/01/1990,9.83,
12/01/1990,9.80,
19/01/1990,9.90,
26/01/1990,10.05,
02/02/1990,10.17,
09/02/1990,10.21,
16/02/1990,10.10,
23/02/1990,10.31,
02/03/1990,10.23,
09/03/1990,10.29,
16/03/1990,10.34,
23/03/1990,10.26,
30/03/1990,10.22,
06/04/1990,10.26,
13/04/1990,10.25,
20/04/1990,10.41,
27/04/1990,10.56,
04/05/1990,10.67,
11/05/1990,10.54,
18/05/1990,10.37,
25/05/1990,10.33,
01/06/1990,10.29,
08/06/1990,10.10,
15/06/1990,10.12,
22/06/1990,10.16,
29/06/1990,10.15,
06/07/1990,10.06,
13/07/1990,10.11,
20/07/1990,9.99,
27/07/1990,9.98,
03/08/1990,9.84,
10/08/1990,10.08,
17/08/1990,10.05,
24/08/1990,10.29,
31/08/1990,10.24,
07/09/1990,10.19,
14/09/1990,10.13,
21/09/1990,10.16,
28/09/1990,10.22,
05/10/1990,10.08,
12/10/1990,10.22,
19/10/1990,10.24,
26/10/1990,10.17,
02/11/1990,10.13,
09/11/1990,10.09,
16/11/1990,10.02,
23/11/1990,9.93,
30/11/1990,9.90,
07/12/1990,9.81,
14/12/1990,9.56,
21/12/1990,9.64,
28/12/1990,9.68,
04/01/1991,9.56,
11/01/1991,9.63,
18/01/1991,9.75,
25/01/1991,9.61,
01/02/1991,9.56,
08/02/1991,9.36,
15/02/1991,9.25,
22/02/1991,9.29,
01/03/1991,9.40,
08/03/1991,9.49,
15/03/1991,9.50,
22/03/1991,9.59,
29/03/1991,9.52,
05/04/1991,9.49,
12/04/1991,9.48,
19/04/1991,9.47,
26/04/1991,9.53,
03/05/1991,9.47,
10/05/1991,9.47,
17/05/1991,9.50,
24/05/1991,9.47,
31/05/1991,9.45,
07/06/1991,9.48,
14/06/1991,9.66,
21/06/1991,9.65,
28/06/1991,9.67,
05/07/1991,9.62,
12/07/1991,9.64,
19/07/1991,9.54,
26/07/1991,9.50,
02/08/1991,9.44,
09/08/1991,9.27,
16/08/1991,9.19,
23/08/1991,9.17,
30/08/1991,9.15,8.77
06/09/1991,9.14,8.79
13/09/1991,9.02,8.68
20/09/1991,8.95,8.62
27/09/1991,8.92,8.59
04/10/1991,8.87,8.51
11/10/1991,8.82,8.46
18/10/1991,8.82,8.45
25/10/1991,8.91,8.51
01/11/1991,8.78,8.41
08/11/1991,8.76,8.36
15/11/1991,8.69,8.32
22/11/1991,8.63,8.25
29/11/1991,8.70,8.29
06/12/1991,8.62,8.21
13/12/1991,8.53,8.10
20/12/1991,8.49,8.07
27/12/1991,8.35,7.90
03/01/1992,8.24,7.79
10/01/1992,8.23,7.79
17/01/1992,8.45,8.03
24/01/1992,8.56,8.14
31/01/1992,8.68,8.28
07/02/1992,8.67,8.30
14/02/1992,8.73,8.36
21/02/1992,8.82,8.43
28/02/1992,8.83,8.44
06/03/1992,8.85,8.48
13/03/1992,8.88,8.51
20/03/1992,9.03,8.69
27/03/1992,8.98,8.63
03/04/1992,8.96,8.57
10/04/1992,8.84,8.44
17/04/1992,8.76,8.38
24/04/1992,8.85,8.49
01/05/1992,8.84,8.46
08/05/1992,8.75,8.38
15/05/1992,8.64,8.26
22/05/1992,8.53,8.16
29/05/1992,8.60,8.21
05/06/1992,8.59,8.18
12/06/1992,8.54,8.12
19/06/1992,8.48,8.03
26/06/1992,8.43,7.98
03/07/1992,8.29,7.84
10/07/1992,8.13,7.67
17/07/1992,8.09,7.63
24/07/1992,8.08,7.61
31/07/1992,8.05,7.60
07/08/1992,8.06,7.59
14/08/1992,7.96,7.48
21/08/1992,7.87,7.38
28/08/1992,8.01,7.51
04/09/1992,7.94,7.44
11/09/1992,7.84,7.33
18/09/1992,7.89,7.37
24/09/1992,8.02,7.48
02/10/1992,7.93,7.37
09/10/1992,8.01,7.46
16/10/1992,8.06,7.51
23/10/1992,8.23,7.71
30/10/1992,8.21,7.68
06/11/1992,8.29,7.75
13/11/1992,8.32,7.79
20/11/1992,8.32,7.83
27/11/1992,8.29,7.81
04/12/1992,8.34,7.87
11/12/1992,8.23,7.77
18/12/1992,8.19,7.74
25/12/1992,8.13,7.65
31/12/1992,8.14,7.68
08/01/1993,8.07,7.60
15/01/1993,8.04,7.56
22/01/1993,8.00,7.51
29/01/1993,7.86,7.37
05/02/1993,7.80,7.29
12/02/1993,7.75,7.25
19/02/1993,7.65,7.12
26/02/1993,7.53,7.02
05/03/1993,7.44,6.91
12/03/1993,7.47,6.97
19/03/1993,7.57,7.07
26/03/1993,7.50,7.01
02/04/1993,7.53,7.03
09/04/1993,7.57,7.07
16/04/1993,7.45,6.93
23/04/1993,7.38,6.86
30/04/1993,7.43,6.91
07/05/1993,7.42,6.88
14/05/1993,7.42,6.86
21/05/1993,7.52,6.98
28/05/1993,7.50,6.99
04/06/1993,7.47,6.97
11/06/1993,7.48,6.98
18/06/1993,7.38,6.87
25/06/1993,7.34,6.84
02/07/1993,7.23,6.76
09/07/1993,7.19,6.71
16/07/1993,7.16,6.67
23/07/1993,7.20,6.70
30/07/1993,7.25,6.75
06/08/1993,7.21,6.72
13/08/1993,7.17,6.68
20/08/1993,7.10,6.62
27/08/1993,6.97,6.49
03/09/1993,6.93,6.45
10/09/1993,6.82,6.35
17/09/1993,6.96,6.49
24/09/1993,6.95,6.47
01/10/1993,6.89,6.41
08/10/1993,6.87,6.39
15/10/1993,6.81,6.36
22/10/1993,6.74,6.31
29/10/1993,6.86,6.40
05/11/1993,7.11,6.65
12/11/1993,7.12,6.64
19/11/1993,7.08,6.62
26/11/1993,7.31,6.84
04/12/1993,7.25,6.74
10/12/1993,7.14,6.65
17/12/1993,7.17,6.70
24/12/1993,7.17,6.69
31/12/1993,7.13,6.63
07/01/1994,7.23,6.74
14/01/1994,6.99,6.48
21/01/1994,7.05,6.57
28/01/1994,6.97,6.47
04/02/1994,6.97,6.46
11/02/1994,7.21,6.72
18/02/1994,7.11,6.64
25/02/1994,7.32,6.80
04/03/1994,7.51,7.01
11/03/1994,7.63,7.15
18/03/1994,7.76,7.27
25/03/1994,7.80,7.30
01/04/1994,8.04,7.55
08/04/1994,8.47,7.91
15/04/1994,8.26,7.72
22/04/1994,8.49,7.97
29/04/1994,8.32,7.85
06/05/1994,8.53,8.03
13/05/1994,8.77,8.25
20/05/1994,8.56,8.04
27/05/1994,8.53,7.99
03/06/1994,8.55,8.02
10/06/1994,8.25,7.79
17/06/1994,8.33,7.83
24/06/1994,8.46,8.00
01/07/1994,8.57,8.07
08/07/1994,8.68,8.15
15/07/1994,8.72,8.20
22/07/1994,8.53,8.05
29/07/1994,8.57,8.09
05/08/1994,8.38,7.90
12/08/1994,8.57,8.08
19/08/1994,8.54,8.05
26/08/1994,8.56,8.05
02/09/1994,8.48,7.96
09/09/1994,8.51,8.03
16/09/1994,8.66,8.15
23/09/1994,8.73,8.21
30/09/1994,8.82,8.31
07/10/1994,8.89,8.38
14/10/1994,8.93,8.40
21/10/1994,8.85,8.30
28/10/1994,9.03,8.47
04/11/1994,9.05,8.51
11/11/1994,9.19,8.67
18/11/1994,9.19,8.71
25/11/1994,9.25,8.77
02/12/1994,9.23,8.76
09/12/1994,9.15,8.77
16/12/1994,9.25,8.89
23/12/1994,9.18,8.79
30/12/1994,9.18,8.81
06/01/1995,9.22,8.87
13/01/1995,9.19,8.85
20/01/1995,9.05,8.70
27/01/1995,9.13,8.76
03/02/1995,8.94,8.59
10/02/1995,8.80,8.45
17/02/1995,8.84,8.46
24/02/1995,8.73,8.34
03/03/1995,8.53,8.15
10/03/1995,8.62,8.24
17/03/1995,8.38,8.00
24/03/1995,8.40,7.97
31/03/1995,8.38,7.96
07/04/1995,8.41,7.99
14/04/1995,8.37,7.93
21/04/1995,8.24,7.80
28/04/1995,8.26,7.80
05/05/1995,8.27,7.80
12/05/1995,7.87,7.45
19/05/1995,7.83,7.39
26/05/1995,7.85,7.40
02/06/1995,7.71,7.24
09/06/1995,7.51,7.00
16/06/1995,7.55,7.03
23/06/1995,7.53,7.01
30/06/1995,7.53,7.03
07/07/1995,7.63,7.11
14/07/1995,7.41,6.89
21/07/1995,7.60,7.08
28/07/1995,7.79,7.27
04/08/1995,7.82,7.31
11/08/1995,7.80,7.31
18/08/1995,7.94,7.43
25/08/1995,7.88,7.39
01/09/1995,7.76,7.27
08/09/1995,7.63,7.16
15/09/1995,7.60,7.12
22/09/1995,7.57,7.09
29/09/1995,7.62,7.16
06/10/1995,7.57,7.09
13/10/1995,7.50,7.01
20/10/1995,7.38,6.92
27/10/1995,7.45,7.01
03/11/1995,7.44,6.97
09/11/1995,7.37,6.87
17/11/1995,7.35,6.86
24/11/1995,7.35,6.85
01/12/1995,7.33,6.85
08/12/1995,7.18,6.74
15/12/1995,7.15,6.71
22/12/1995,7.23,6.73
29/12/1995,7.11,6.65
05/01/1996,7.02,6.56
12/01/1996,7.08,6.59
19/01/1996,7.02,6.53
26/01/1996,7.00,6.50
02/02/1996,7.02,6.52
09/02/1996,7.02,6.51
16/02/1996,6.94,6.44
23/02/1996,7.32,6.77
01/03/1996,7.41,6.87
08/03/1996,7.38,6.87
15/03/1996,7.83,7.32
22/03/1996,7.81,7.32
29/03/1996,7.69,7.19
05/04/1996,7.78,7.29
12/04/1996,8.05,7.56
19/04/1996,7.95,7.48
26/04/1996,7.92,7.43
03/05/1996,7.99,7.50
10/05/1996,8.24,7.75
17/05/1996,8.08,7.59
24/05/1996,8.01,7.51
31/05/1996,8.03,7.54
07/06/1996,8.30,7.80
14/06/1996,8.39,7.90
21/06/1996,8.30,7.81
28/06/1996,8.29,7.82
05/07/1996,8.14,7.67
12/07/1996,8.42,7.93
19/07/1996,8.23,7.76
26/07/1996,8.19,7.71
02/08/1996,8.23,7.75
09/08/1996,7.88,7.40
16/08/1996,7.88,7.39
23/08/1996,7.93,7.45
30/08/1996,8.09,7.60
06/09/1996,8.34,7.88
13/09/1996,8.28,7.81
20/09/1996,8.14,7.64
27/09/1996,8.16,7.68
04/10/1996,8.06,7.58
11/10/1996,7.86,7.38
18/10/1996,7.88,7.39
25/10/1996,7.86,7.37
01/11/1996,7.78,7.30
08/11/1996,7.67,7.20
15/11/1996,7.59,7.11
22/11/1996,7.53,7.06
29/11/1996,7.52,7.04
06/12/1996,7.44,6.96
13/12/1996,7.57,7.06
20/12/1996,7.74,7.21
27/12/1996,7.64,7.16
03/01/1997,7.67,7.18
10/01/1997,7.85,7.35
17/01/1997,7.87,7.38
24/01/1997,7.85,7.35
31/01/1997,7.88,7.38
07/02/1997,7.74,7.25
14/02/1997,7.65,7.14
21/02/1997,7.56,7.06
28/02/1997,7.65,7.15
07/03/1997,7.84,7.35
14/03/1997,7.84,7.34
21/03/1997,7.94,7.45
28/03/1997,7.97,7.48
04/04/1997,8.18,7.70
11/04/1997,8.15,7.67
18/04/1997,8.16,7.71
25/04/1997,8.08,7.62
02/05/1997,8.01,7.53
09/05/1997,7.94,7.47
16/05/1997,7.91,7.44
23/05/1997,7.92,7.45
30/05/1997,7.94,7.47
06/06/1997,7.85,7.40
13/06/1997,7.72,7.27
20/06/1997,7.61,7.14
27/06/1997,7.58,7.13
04/07/1997,7.62,7.15
11/07/1997,7.47,7.01
18/07/1997,7.47,7.01
25/07/1997,7.43,6.98
01/08/1997,7.36,6.90
08/08/1997,7.46,7.00
15/08/1997,7.54,7.07
22/08/1997,7.46,6.99
29/08/1997,7.58,7.12
05/09/1997,7.53,7.08
12/09/1997,7.53,7.07
19/09/1997,7.38,6.94
26/09/1997,7.28,6.86
03/10/1997,7.31,6.87
10/10/1997,7.26,6.82
17/10/1997,7.34,6.89
24/10/1997,7.35,6.90
31/10/1997,7.21,6.76
07/11/1997,7.24,6.80
14/11/1997,7.23,6.78
21/11/1997,7.18,6.73
28/11/1997,7.17,6.73
05/12/1997,7.15,6.71
12/12/1997,7.17,6.72
19/12/1997,7.07,6.65
26/12/1997,6.99,6.57
02/01/1998,7.03,6.61
09/01/1998,6.94,6.55
16/01/1998,6.89,6.46
23/01/1998,6.99,6.56
30/01/1998,7.12,6.70
06/02/1998,7.03,6.62
13/02/1998,7.06,6.65
20/02/1998,6.99,6.59
28/02/1998,7.09,6.69
06/03/1998,7.19,6.80
13/03/1998,7.16,6.78
20/03/1998,7.08,6.70
27/03/1998,7.08,6.69
03/04/1998,7.15,6.79
10/04/1998,7.09,6.74
17/04/1998,7.17,6.81
24/04/1998,7.15,6.78
01/05/1998,7.22,6.85
08/05/1998,7.14,6.78
15/05/1998,7.19,6.82
22/05/1998,7.10,6.75
29/05/1998,7.07,6.72
05/06/1998,7.05,6.70
12/06/1998,7.04,6.71
19/06/1998,6.94,6.62
26/06/1998,6.96,6.64
03/07/1998,6.98,6.65
10/07/1998,6.91,6.60
17/07/1998,6.94,6.60
24/07/1998,6.96,6.63
31/07/1998,6.97,6.64
07/08/1998,6.94,6.63
14/08/1998,6.91,6.60
21/08/1998,6.92,6.61
28/08/1998,6.92,6.61
04/09/1998,6.82,6.51
11/09/1998,6.77,6.43
18/09/1998,6.66,6.35
25/09/1998,6.64,6.32
02/10/1998,6.60,6.27
09/10/1998,6.49,6.15
16/10/1998,6.90,6.58
23/10/1998,6.73,6.34
30/10/1998,6.83,6.48
06/11/1998,6.89,6.50
13/11/1998,6.93,6.57
20/11/1998,6.86,6.51
27/11/1998,6.78,6.44
04/12/1998,6.71,6.37
11/12/1998,6.69,6.34
18/12/1998,6.69,6.35
25/12/1998,6.77,6.41
31/12/1998,6.83,6.48
08/01/1999,6.79,6.43
15/01/1999,6.83,6.48
22/01/1999,6.78,6.42
29/01/1999,6.74,6.37
05/02/1999,6.75,6.38
12/02/1999,6.77,6.40
19/02/1999,6.82,6.46
26/02/1999,6.89,6.51
05/03/1999,7.06,6.70
12/03/1999,7.11,6.75
19/03/1999,7.01,6.64
26/03/1999,6.98,6.61
02/04/1999,6.98,6.58
09/04/1999,6.92,6.53
16/04/1999,6.87,6.47
23/04/1999,6.88,6.51
30/04/1999,6.93,6.55
07/05/1999,7.02,6.61
14/05/1999,7.10,6.71
21/05/1999,7.23,6.83
28/05/1999,7.23,6.84
04/06/1999,7.41,7.04
11/06/1999,7.51,7.13
18/06/1999,7.65,7.26
25/06/1999,7.63,7.28
02/07/1999,7.71,7.34
09/07/1999,7.65,7.30
16/07/1999,7.58,7.19
23/07/1999,7.52,7.16
30/07/1999,7.70,7.29
06/08/1999,7.89,7.45
13/08/1999,8.15,7.70
20/08/1999,7.93,7.53
27/08/1999,7.80,7.43
03/09/1999,7.83,7.45
10/09/1999,7.88,7.49
17/09/1999,7.82,7.43
24/09/1999,7.76,7.40
01/10/1999,7.70,7.35
08/10/1999,7.82,7.43
15/10/1999,7.85,7.45
22/10/1999,7.93,7.53
29/10/1999,7.96,7.57
05/11/1999,7.84,7.45
12/11/1999,7.67,7.30
19/11/1999,7.69,7.31
26/11/1999,7.75,7.36
03/12/1999,7.84,7.46
10/12/1999,7.84,7.45
17/12/1999,7.86,7.47
24/12/1999,7.96,7.57
31/12/1999,8.06,7.66
07/01/2000,8.15,7.73
14/01/2000,8.18,7.78
21/01/2000,8.26,7.86
28/01/2000,8.25,7.84
04/02/2000,8.25,7.85
11/02/2000,8.36,7.96
18/02/2000,8.38,8.00
25/02/2000,8.31,7.92
03/03/2000,8.27,7.84
10/03/2000,8.23,7.81
17/03/2000,8.24,7.83
24/03/2000,8.23,7.84
31/03/2000,8.23,7.84
07/04/2000,8.20,7.83
14/04/2000,8.12,7.76
21/04/2000,8.16,7.82
28/04/2000,8.13,7.79
05/05/2000,8.28,7.94
12/05/2000,8.52,8.17
19/05/2000,8.64,8.31
26/05/2000,8.62,8.31
02/06/2000,8.54,8.24
09/06/2000,8.32,8.04
16/06/2000,8.22,7.91
23/06/2000,8.14,7.85
30/06/2000,8.22,7.92
07/07/2000,8.16,7.88
14/07/2000,8.09,7.80
21/07/2000,8.21,7.93
28/07/2000,8.13,7.85
04/08/2000,8.12,7.88
11/08/2000,8.04,7.75
18/08/2000,7.96,7.70
25/08/2000,7.99,7.72
01/09/2000,7.96,7.67
08/09/2000,7.94,7.65
15/09/2000,7.88,7.60
22/09/2000,7.90,7.57
29/09/2000,7.88,7.53
06/10/2000,7.83,7.50
13/10/2000,7.84,7.52
20/10/2000,7.83,7.50
27/10/2000,7.68,7.36
03/11/2000,7.73,7.41
10/11/2000,7.79,7.44
17/11/2000,7.73,7.41
24/11/2000,7.73,7.41
01/12/2000,7.65,7.35
08/12/2000,7.54,7.19
15/12/2000,7.42,7.11
22/12/2000,7.17,6.84
29/12/2000,7.13,6.79
05/01/2001,7.07,6.74
12/01/2001,6.89,6.49
19/01/2001,7.02,6.63
26/01/2001,7.15,6.70
02/02/2001,7.09,6.66
09/02/2001,6.98,6.60
16/02/2001,7.01,6.61
23/02/2001,7.12,6.69
02/03/2001,7.03,6.58
09/03/2001,6.97,6.52
16/03/2001,6.96,6.54
23/03/2001,6.89,6.44
30/03/2001,6.91,6.46
06/04/2001,7.01,6.54
13/04/2001,7.04,6.55
20/04/2001,7.14,6.66
27/04/2001,7.12,6.63
04/05/2001,7.14,6.66
11/05/2001,7.10,6.61
18/05/2001,7.14,6.67
25/05/2001,7.20,6.76
01/06/2001,7.24,6.78
08/06/2001,7.20,6.74
15/06/2001,7.14,6.70
22/06/2001,7.11,6.65
29/06/2001,7.11,6.63
06/07/2001,7.19,6.74
13/07/2001,7.21,6.76
20/07/2001,7.08,6.65
27/07/2001,7.03,6.58
03/08/2001,7.00,6.54
10/08/2001,7.00,6.54
17/08/2001,6.92,6.48
24/08/2001,6.91,6.47
31/08/2001,6.92,6.47
07/09/2001,6.89,6.44
14/09/2001,6.86,6.39
21/09/2001,6.80,6.30
28/09/2001,6.72,6.23
05/10/2001,6.64,6.11
12/10/2001,6.58,6.06
19/10/2001,6.61,6.09
26/10/2001,6.64,6.13
02/11/2001,6.56,6.04
09/11/2001,6.45,5.94
16/11/2001,6.51,5.98
23/11/2001,6.75,6.24
30/11/2001,7.02,6.53
07/12/2001,6.84,6.30
14/12/2001,7.09,6.57
21/12/2001,7.17,6.65
28/12/2001,7.16,6.65
04/01/2002,7.14,6.62
11/01/2002,7.06,6.55
18/01/2002,6.83,6.31
25/01/2002,6.96,6.44
01/02/2002,7.02,6.51
08/02/2002,6.88,6.36
15/02/2002,6.86,6.35
22/02/2002,6.81,6.28
01/03/2002,6.80,6.28
08/03/2002,6.87,6.37
15/03/2002,7.08,6.59
22/03/2002,7.14,6.65
29/03/2002,7.18,6.69
05/04/2002,7.13,6.64
12/04/2002,6.99,6.49
19/04/2002,6.94,6.42
26/04/2002,6.88,6.35
03/05/2002,6.78,6.26
10/05/2002,6.79,6.27
17/05/2002,6.89,6.37
24/05/2002,6.81,6.28
31/05/2002,6.76,6.22
07/06/2002,6.71,6.18
14/06/2002,6.71,6.17
21/06/2002,6.63,6.08
28/06/2002,6.55,5.99
05/07/2002,6.57,6.03
12/07/2002,6.54,6.00
19/07/2002,6.49,5.93
26/07/2002,6.34,5.76
02/08/2002,6.43,5.84
09/08/2002,6.31,5.69
16/08/2002,6.22,5.63
23/08/2002,6.27,5.71
30/08/2002,6.22,5.64
06/09/2002,6.15,5.56
13/09/2002,6.18,5.59
20/09/2002,6.05,5.47
27/09/2002,5.99,5.41
04/10/2002,6.01,5.40
11/10/2002,5.98,5.34
18/10/2002,6.15,5.56
25/10/2002,6.31,5.70
01/11/2002,6.13,5.51
08/11/2002,6.11,5.48
15/11/2002,5.94,5.32
22/11/2002,6.03,5.44
29/11/2002,6.13,5.57
06/12/2002,6.19,5.60
13/12/2002,6.04,5.46
20/12/2002,6.03,5.42
27/12/2002,5.93,5.32
03/01/2003,5.85,5.24
10/01/2003,5.95,5.33
17/01/2003,5.97,5.36
24/01/2003,5.91,5.31
31/01/2003,5.90,5.28
07/02/2003,5.88,5.27
14/02/2003,5.86,5.26
21/02/2003,5.84,5.21
28/02/2003,5.79,5.14
07/03/2003,5.67,5.01
14/03/2003,5.61,4.93
21/03/2003,5.79,5.11
28/03/2003,5.91,5.21
04/04/2003,5.79,5.06
11/04/2003,5.85,5.17
18/04/2003,5.82,5.12
25/04/2003,5.79,5.12
02/05/2003,5.70,5.03
09/05/2003,5.62,4.97
16/05/2003,5.45,4.84
23/05/2003,5.34,4.73
30/05/2003,5.31,4.73
06/06/2003,5.26,4.66
13/06/2003,5.21,4.60
20/06/2003,5.21,4.62
27/06/2003,5.24,4.63
04/07/2003,5.40,4.75
11/07/2003,5.52,4.85
18/07/2003,5.67,5.00
25/07/2003,5.94,5.27
01/08/2003,6.14,5.44
08/08/2003,6.34,5.66
15/08/2003,6.24,5.58
22/08/2003,6.28,5.60
29/08/2003,6.32,5.66
05/09/2003,6.44,5.77
12/09/2003,6.16,5.46
19/09/2003,6.01,5.30
26/09/2003,5.98,5.30
03/10/2003,5.77,5.10
10/10/2003,5.95,5.26
17/10/2003,6.05,5.36
24/10/2003,6.05,5.39
31/10/2003,5.94,5.26
07/11/2003,5.98,5.31
14/11/2003,6.03,5.39
21/11/2003,5.83,5.17
28/11/2003,5.89,5.22
05/12/2003,6.02,5.36
12/12/2003,5.88,5.24
19/12/2003,5.82,5.14
26/12/2003,5.81,5.13
31/12/2003,5.85,5.15
08/01/2004,5.87,5.17
15/01/2004,5.66,4.97
22/01/2004,5.64,4.95
29/01/2004,5.68,4.97
05/02/2004,5.72,5.03
12/02/2004,5.66,4.96
19/02/2004,5.58,4.87
26/02/2004,5.58,4.89
04/03/2004,5.59,4.88
11/03/2004,5.41,4.69
18/03/2004,5.38,4.69
25/03/2004,5.40,4.70
01/04/2004,5.52,4.84
08/04/2004,5.79,5.12
15/04/2004,5.89,5.23
22/04/2004,5.94,5.25
29/04/2004,6.01,5.35
06/05/2004,6.12,5.47
13/05/2004,6.34,5.72
20/05/2004,6.30,5.67
27/05/2004,6.32,5.69
03/06/2004,6.28,5.63
10/06/2004,6.30,5.67
17/06/2004,6.32,5.70
24/06/2004,6.25,5.64
01/07/2004,6.21,5.62
08/07/2004,6.01,5.42
15/07/2004,6.00,5.40
22/07/2004,5.98,5.39
29/07/2004,6.08,5.49
05/08/2004,5.99,5.40
12/08/2004,5.85,5.24
19/08/2004,5.81,5.19
26/08/2004,5.82,5.21
02/09/2004,5.77,5.15
09/09/2004,5.83,5.22
16/09/2004,5.75,5.13
23/09/2004,5.70,5.10
30/09/2004,5.72,5.12
07/10/2004,5.82,5.24
14/10/2004,5.74,5.14
21/10/2004,5.69,5.07
28/10/2004,5.64,5.01
04/11/2004,5.70,5.08
11/11/2004,5.76,5.16
18/11/2004,5.74,5.15
24/11/2004,5.72,5.15
02/12/2004,5.81,5.23
09/12/2004,5.71,5.14
16/12/2004,5.68,5.11
22/12/2004,5.75,5.18
29/12/2004,5.81,5.23
06/01/2005,5.77,5.21
13/01/2005,5.74,5.19
20/01/2005,5.67,5.15
27/01/2005,5.66,5.14
03/02/2005,5.63,5.14
10/02/2005,5.57,5.10
17/02/2005,5.62,5.14
24/02/2005,5.69,5.22
03/03/2005,5.79,5.33
10/03/2005,5.85,5.38
17/03/2005,5.95,5.47
24/03/2005,6.01,5.56
31/03/2005,6.04,5.58
07/04/2005,5.93,5.48
14/04/2005,5.91,5.46
21/04/2005,5.80,5.36
28/04/2005,5.78,5.33
05/05/2005,5.75,5.31
12/05/2005,5.77,5.33
19/05/2005,5.71,5.27
26/05/2005,5.65,5.21
02/06/2005,5.62,5.20
09/06/2005,5.56,5.14
16/06/2005,5.63,5.22
23/06/2005,5.57,5.16
30/06/2005,5.53,5.12
07/07/2005,5.62,5.20
14/07/2005,5.66,5.25
21/07/2005,5.73,5.32
28/07/2005,5.77,5.34
04/08/2005,5.82,5.38
11/08/2005,5.89,5.47
18/08/2005,5.80,5.40
25/08/2005,5.77,5.35
01/09/2005,5.71,5.32
08/09/2005,5.71,5.30
15/09/2005,5.74,5.32
22/09/2005,5.80,5.37
29/09/2005,5.91,5.48
06/10/2005,5.98,5.54
13/10/2005,6.03,5.62
20/10/2005,6.10,5.65
27/10/2005,6.15,5.69
03/11/2005,6.31,5.85
10/11/2005,6.36,5.89
17/11/2005,6.37,5.90
23/11/2005,6.28,5.81
01/12/2005,6.26,5.81
08/12/2005,6.32,5.87
15/12/2005,6.30,5.85
22/12/2005,6.26,5.79
29/12/2005,6.22,5.76
05/01/2006,6.21,5.76
12/01/2006,6.15,5.71
19/01/2006,6.10,5.67
26/01/2006,6.12,5.70
02/02/2006,6.23,5.81
09/02/2006,6.24,5.83
16/02/2006,6.28,5.91
23/02/2006,6.26,5.89
02/03/2006,6.24,5.89
09/03/2006,6.37,6.00
16/03/2006,6.34,5.98
23/03/2006,6.32,5.97
30/03/2006,6.35,6.00
06/04/2006,6.43,6.10
13/04/2006,6.49,6.14
20/04/2006,6.53,6.17
27/04/2006,6.58,6.21
04/05/2006,6.59,6.22
11/05/2006,6.58,6.17
18/05/2006,6.60,6.20
25/05/2006,6.62,6.23
01/06/2006,6.67,6.26
08/06/2006,6.62,6.23
15/06/2006,6.63,6.25
22/06/2006,6.71,6.36
29/06/2006,6.78,6.43
06/07/2006,6.79,6.44
13/07/2006,6.74,6.37
20/07/2006,6.80,6.41
27/07/2006,6.72,6.34
03/08/2006,6.63,6.27
10/08/2006,6.55,6.20
17/08/2006,6.52,6.20
24/08/2006,6.48,6.18
31/08/2006,6.44,6.14
07/09/2006,6.47,6.16
14/09/2006,6.43,6.11
21/09/2006,6.40,6.06
28/09/2006,6.31,5.98
05/10/2006,6.30,5.98
12/10/2006,6.37,6.06
19/10/2006,6.36,6.06
26/10/2006,6.40,6.10
02/11/2006,6.31,6.02
09/11/2006,6.33,6.04
16/11/2006,6.24,5.94
22/11/2006,6.18,5.91
30/11/2006,6.14,5.87
07/12/2006,6.11,5.84
14/12/2006,6.12,5.86
21/12/2006,6.13,5.89
28/12/2006,6.18,5.93
04/01/2007,6.18,5.94
11/01/2007,6.21,5.96
18/01/2007,6.23,5.98
25/01/2007,6.25,5.98
01/02/2007,6.34,6.06
08/02/2007,6.28,6.02
15/02/2007,6.30,6.03
22/02/2007,6.22,5.97
01/03/2007,6.18,5.92
08/03/2007,6.14,5.86
15/03/2007,6.14,5.88
22/03/2007,6.16,5.90
29/03/2007,6.16,5.86
05/04/2007,6.17,5.87
12/04/2007,6.22,5.90
19/04/2007,6.17,5.89
26/04/2007,6.16,5.87
03/05/2007,6.16,5.87
10/05/2007,6.15,5.87
17/05/2007,6.21,5.92
24/05/2007,6.37,6.06
31/05/2007,6.42,6.12
07/06/2007,6.53,6.22
14/06/2007,6.74,6.43
21/06/2007,6.69,6.37
28/06/2007,6.67,6.34
05/07/2007,6.63,6.30
12/07/2007,6.73,6.39
19/07/2007,6.73,6.38
26/07/2007,6.69,6.37
02/08/2007,6.68,6.32
09/08/2007,6.59,6.25
16/08/2007,6.62,6.30
23/08/2007,6.52,6.18
30/08/2007,6.45,6.12
06/09/2007,6.46,6.15
13/09/2007,6.31,5.97
20/09/2007,6.34,5.98
27/09/2007,6.42,6.09
04/10/2007,6.37,6.03
11/10/2007,6.40,6.06
18/10/2007,6.40,6.08
25/10/2007,6.33,5.99
01/11/2007,6.26,5.91
08/11/2007,6.24,5.90
15/11/2007,6.24,5.88
21/11/2007,6.20,5.83
29/11/2007,6.10,5.73
06/12/2007,5.96,5.65
13/12/2007,6.11,5.78
20/12/2007,6.14,5.79
27/12/2007,6.17,5.79
03/01/2008,6.07,5.68
10/01/2008,5.87,5.43
17/01/2008,5.69,5.21
24/01/2008,5.48,4.95
31/01/2008,5.68,5.17
07/02/2008,5.67,5.15
14/02/2008,5.72,5.25
21/02/2008,6.04,5.64
28/02/2008,6.24,5.72
06/03/2008,6.03,5.47
13/03/2008,6.13,5.60
20/03/2008,5.87,5.27
27/03/2008,5.85,5.34
03/04/2008,5.88,5.42
10/04/2008,5.88,5.42
17/04/2008,5.88,5.40
24/04/2008,6.03,5.62
01/05/2008,6.06,5.59
08/05/2008,6.05,5.60
15/05/2008,6.01,5.60
22/05/2008,5.98,5.55
29/05/2008,6.08,5.66
05/06/2008,6.09,5.65
12/06/2008,6.32,5.93
19/06/2008,6.42,6.02
26/06/2008,6.45,6.04
03/07/2008,6.35,5.92
10/07/2008,6.37,5.91
17/07/2008,6.26,5.78
24/07/2008,6.63,6.18
31/07/2008,6.52,6.07
07/08/2008,6.52,6.10
14/08/2008,6.52,6.07
21/08/2008,6.47,6.00
28/08/2008,6.40,5.93
04/09/2008,6.35,5.90
11/09/2008,5.93,5.54
18/09/2008,5.78,5.35
25/09/2008,6.09,5.77
02/10/2008,6.10,5.78
09/10/2008,5.94,5.63
16/10/2008,6.46,6.14
23/10/2008,6.04,5.72
30/10/2008,6.46,6.19
06/11/2008,6.20,5.88
13/11/2008,6.14,5.81
20/11/2008,6.04,5.73
26/11/2008,5.97,5.74
04/12/2008,5.53,5.33
11/12/2008,5.47,5.20
18/12/2008,5.19,4.92
24/12/2008,5.14,4.91
31/12/2008,5.10,4.83
08/01/2009,5.01,4.62
15/01/2009,4.96,4.65
22/01/2009,5.12,4.80
29/01/2009,5.10,4.80
05/02/2009,5.25,4.92
12/02/2009,5.16,4.81
19/02/2009,5.04,4.68
26/02/2009,5.07,4.68
05/03/2009,5.15,4.72
12/03/2009,5.03,4.64
19/03/2009,4.98,4.61
26/03/2009,4.85,4.58
02/04/2009,4.78,4.52
09/04/2009,4.87,4.54
16/04/2009,4.82,4.48
23/04/2009,4.80,4.48
30/04/2009,4.78,4.48
07/05/2009,4.84,4.51
14/05/2009,4.86,4.52
21/05/2009,4.82,4.50
28/05/2009,4.91,4.53
04/06/2009,5.29,4.79
11/06/2009,5.59,5.06
18/06/2009,5.38,4.89
25/06/2009,5.42,4.87
02/07/2009,5.32,4.77
09/07/2009,5.20,4.69
16/07/2009,5.14,4.63
23/07/2009,5.20,4.68
30/07/2009,5.25,4.69
06/08/2009,5.22,4.63
13/08/2009,5.29,4.68
20/08/2009,5.12,4.56
27/08/2009,5.14,4.58
03/09/2009,5.08,4.54
10/09/2009,5.07,4.50
17/09/2009,5.04,4.47
24/09/2009,5.04,4.46
01/10/2009,4.94,4.36
08/10/2009,4.87,4.33
15/10/2009,4.92,4.37
22/10/2009,5.00,4.43
29/10/2009,5.03,4.46
05/11/2009,4.98,4.40
12/11/2009,4.91,4.36
19/11/2009,4.83,4.32
25/11/2009,4.78,4.29
03/12/2009,4.71,4.27
10/12/2009,4.81,4.32
17/12/2009,4.94,4.38
24/12/2009,5.05,4.45
31/12/2009,5.14,4.54
07/01/2010,5.09,4.50
14/01/2010,5.06,4.45
21/01/2010,4.99,4.40
28/01/2010,4.98,4.39
04/02/2010,5.01,4.40
11/02/2010,4.97,4.34
18/02/2010,4.93,4.33
25/02/2010,5.05,4.40
04/03/2010,4.97,4.33
11/03/2010,4.95,4.32
18/03/2010,4.96,4.33
25/03/2010,4.99,4.34
01/04/2010,5.08,4.39
08/04/2010,5.21,4.52
15/04/2010,5.07,4.40
22/04/2010,5.07,4.39
29/04/2010,5.06,4.39
06/05/2010,5.00,4.36
13/05/2010,4.93,4.30
20/05/2010,4.84,4.24
27/05/2010,4.78,4.21
03/06/2010,4.79,4.20
10/06/2010,4.72,4.17
17/06/2010,4.75,4.20
24/06/2010,4.69,4.13
01/07/2010,4.58,4.04
08/07/2010,4.57,4.07
15/07/2010,4.57,4.06
22/07/2010,4.56,4.03
29/07/2010,4.54,4.00
05/08/2010,4.49,3.95
12/08/2010,4.44,3.92
19/08/2010,4.42,3.90
26/08/2010,4.36,3.86
02/09/2010,4.32,3.83
09/09/2010,4.35,3.83
16/09/2010,4.37,3.82
23/09/2010,4.37,3.82
30/09/2010,4.32,3.75
07/10/2010,4.27,3.72
14/10/2010,4.19,3.62
21/10/2010,4.21,3.64
28/10/2010,4.23,3.66
04/11/2010,4.24,3.63
11/11/2010,4.17,3.57
18/11/2010,4.39,3.76
24/11/2010,4.40,3.77
02/12/2010,4.46,3.81
09/12/2010,4.61,3.96
16/12/2010,4.83,4.17
23/12/2010,4.81,4.15
30/12/2010,4.86,4.20
06/01/2011,4.77,4.13
13/01/2011,4.71,4.08
20/01/2011,4.74,4.05
27/01/2011,4.80,4.09
03/02/2011,4.81,4.08
10/02/2011,5.05,4.29
17/02/2011,5.00,4.27
24/02/2011,4.95,4.22
03/03/2011,4.87,4.15
10/03/2011,4.88,4.15
17/03/2011,4.76,3.97
24/03/2011,4.81,4.04
31/03/2011,4.86,4.09
07/04/2011,4.87,4.10
14/04/2011,4.91,4.13
21/04/2011,4.80,4.02
28/04/2011,4.78,3.97
05/05/2011,4.71,3.89
12/05/2011,4.63,3.82
19/05/2011,4.61,3.80
26/05/2011,4.60,3.78
02/06/2011,4.55,3.74
09/06/2011,4.49,3.68
16/06/2011,4.50,3.67
23/06/2011,4.50,3.69
30/06/2011,4.51,3.69
07/07/2011,4.60,3.75
14/07/2011,4.51,3.65
21/07/2011,4.52,3.66
28/07/2011,4.55,3.66
04/08/2011,4.39,3.54
11/08/2011,4.32,3.50
18/08/2011,4.15,3.36
25/08/2011,4.22,3.44
01/09/2011,4.22,3.39
08/09/2011,4.12,3.33
15/09/2011,4.09,3.30
22/09/2011,4.09,3.29
29/09/2011,4.01,3.28
06/10/2011,3.94,3.26
13/10/2011,4.12,3.37
20/10/2011,4.11,3.38
27/10/2011,4.10,3.38
03/11/2011,4.00,3.31
10/11/2011,3.99,3.30
17/11/2011,4.00,3.31
23/11/2011,3.98,3.30
01/12/2011,4.00,3.30
08/12/2011,3.99,3.27
15/12/2011,3.94,3.21
22/12/2011,3.91,3.21
29/12/2011,3.95,3.24
05/01/2012,3.91,3.23
12/01/2012,3.89,3.16
19/01/2012,3.88,3.17
26/01/2012,3.98,3.24
02/02/2012,3.87,3.14
09/02/2012,3.87,3.16
16/02/2012,3.87,3.16
23/02/2012,3.95,3.19
01/03/2012,3.90,3.17
08/03/2012,3.88,3.13
15/03/2012,3.92,3.16
22/03/2012,4.08,3.30
29/03/2012,3.99,3.23
05/04/2012,3.98,3.21
12/04/2012,3.88,3.11
19/04/2012,3.90,3.13
26/04/2012,3.88,3.12
03/05/2012,3.84,3.07
10/05/2012,3.83,3.05
17/05/2012,3.79,3.04
24/05/2012,3.78,3.04
31/05/2012,3.75,2.97
07/06/2012,3.67,2.94
14/06/2012,3.71,2.98
21/06/2012,3.66,2.95
28/06/2012,3.66,2.94
05/07/2012,3.62,2.89
12/07/2012,3.56,2.86
19/07/2012,3.53,2.83
26/07/2012,3.49,2.80
02/08/2012,3.55,2.83
09/08/2012,3.59,2.84
16/08/2012,3.62,2.88
23/08/2012,3.66,2.89
30/08/2012,3.59,2.86
06/09/2012,3.55,2.86
13/09/2012,3.55,2.85
20/09/2012,3.49,2.77
27/09/2012,3.40,2.73
04/10/2012,3.36,2.69
11/10/2012,3.39,2.70
18/10/2012,3.37,2.66
25/10/2012,3.41,2.72
01/11/2012,3.39,2.70
08/11/2012,3.40,2.69
15/11/2012,3.34,2.65
21/11/2012,3.31,2.63
29/11/2012,3.32,2.64
06/12/2012,3.34,2.67
13/12/2012,3.32,2.66
20/12/2012,3.37,2.65
27/12/2012,3.35,2.65
03/01/2013,3.34,2.64
10/01/2013,3.40,2.66
17/01/2013,3.38,2.66
24/01/2013,3.42,2.71
31/01/2013,3.53,2.81
07/02/2013,3.53,2.77
14/02/2013,3.53,2.77
21/02/2013,3.56,2.77
28/02/2013,3.51,2.76
07/03/2013,3.52,2.76
14/03/2013,3.63,2.79
21/03/2013,3.54,2.72
28/03/2013,3.57,2.76
04/04/2013,3.54,2.74
11/04/2013,3.43,2.65
18/04/2013,3.41,2.64
25/04/2013,3.40,2.61
02/05/2013,3.35,2.56
09/05/2013,3.42,2.61
16/05/2013,3.51,2.69
23/05/2013,3.59,2.77
30/05/2013,3.81,2.98
06/06/2013,3.91,3.03
13/06/2013,3.98,3.10
20/06/2013,3.93,3.04
27/06/2013,4.46,3.50
03/07/2013,4.29,3.39
11/07/2013,4.51,3.53
18/07/2013,4.37,3.41
25/07/2013,4.31,3.39
01/08/2013,4.39,3.43
08/08/2013,4.40,3.43
15/08/2013,4.40,3.44
22/08/2013,4.58,3.60
29/08/2013,4.51,3.54
05/09/2013,4.57,3.59
12/09/2013,4.57,3.59
19/09/2013,4.50,3.54
26/09/2013,4.32,3.37
03/10/2013,4.22,3.29
10/10/2013,4.23,3.31
17/10/2013,4.28,3.33
24/10/2013,4.13,3.24
31/10/2013,4.10,3.20
07/11/2013,4.16,3.27
14/11/2013,4.35,3.35
21/11/2013,4.22,3.27
27/11/2013,4.29,3.30
05/12/2013,4.46,3.47
12/12/2013,4.42,3.43
19/12/2013,4.47,3.51
26/12/2013,4.48,3.52
02/01/2014,4.53,3.55
09/01/2014,4.51,3.56
16/01/2014,4.41,3.45
23/01/2014,4.39,3.44
30/01/2014,4.32,3.40
06/02/2014,4.23,3.33
13/02/2014,4.28,3.33
20/02/2014,4.33,3.35
27/02/2014,4.37,3.39
06/03/2014,4.28,3.32
13/03/2014,4.37,3.38
20/03/2014,4.32,3.32
27/03/2014,4.40,3.42
03/04/2014,4.41,3.47
10/04/2014,4.34,3.38
17/04/2014,4.27,3.33
24/04/2014,4.33,3.39
01/05/2014,4.29,3.38
08/05/2014,4.21,3.32
15/05/2014,4.20,3.29
22/05/2014,4.14,3.25
29/05/2014,4.12,3.21
05/06/2014,4.14,3.23
12/06/2014,4.20,3.31
19/06/2014,4.17,3.30
26/06/2014,4.14,3.22
03/07/2014,4.12,3.22
10/07/2014,4.15,3.24
17/07/2014,4.13,3.23
24/07/2014,4.13,3.26
31/07/2014,4.12,3.23
07/08/2014,4.14,3.27
14/08/2014,4.12,3.24
21/08/2014,4.10,3.23
28/08/2014,4.10,3.25
04/09/2014,4.10,3.24
11/09/2014,4.12,3.26
18/09/2014,4.23,3.37
25/09/2014,4.20,3.36
02/10/2014,4.19,3.36
09/10/2014,4.12,3.30
16/10/2014,3.97,3.18
23/10/2014,3.92,3.08
30/10/2014,3.98,3.13
06/11/2014,4.02,3.21
13/11/2014,4.01,3.20
20/11/2014,3.99,3.17
26/11/2014,3.97,3.17
04/12/2014,3.89,3.10
11/12/2014,3.93,3.20
18/12/2014,3.80,3.09
24/12/2014,3.83,3.10
31/12/2014,3.87,3.15
08/01/2015,3.73,3.05
15/01/2015,3.66,2.98
22/01/2015,3.63,2.93
29/01/2015,3.66,2.98
05/02/2015,3.59,2.92
12/02/2015,3.69,2.99
19/02/2015,3.76,3.05
26/02/2015,3.80,3.07
05/03/2015,3.75,3.03
12/03/2015,3.86,3.10
19/03/2015,3.78,3.06
26/03/2015,3.69,2.97
02/04/2015,3.70,2.98
09/04/2015,3.66,2.93
16/04/2015,3.67,2.94
23/04/2015,3.65,2.92
30/04/2015,3.68,2.94
07/05/2015,3.80,3.02
14/05/2015,3.85,3.07
21/05/2015,3.84,3.05
28/05/2015,3.87,3.11
04/06/2015,3.87,3.08
11/06/2015,4.04,3.25
18/06/2015,4.00,3.23
25/06/2015,4.02,3.21
02/07/2015,4.08,3.24
09/07/2015,4.04,3.20
16/07/2015,4.09,3.25
23/07/2015,4.04,3.21
30/07/2015,3.98,3.17
06/08/2015,3.91,3.13
13/08/2015,3.94,3.17
20/08/2015,3.93,3.15
27/08/2015,3.84,3.06
03/09/2015,3.89,3.09
10/09/2015,3.90,3.10
17/09/2015,3.91,3.11
24/09/2015,3.86,3.08
01/10/2015,3.85,3.07
08/10/2015,3.76,2.99
15/10/2015,3.82,3.03
22/10/2015,3.79,2.98
29/10/2015,3.76,2.98
05/11/2015,3.87,3.09
12/11/2015,3.98,3.20
19/11/2015,3.97,3.18
25/11/2015,3.95,3.18
03/12/2015,3.93,3.16
10/12/2015,3.95,3.19
17/12/2015,3.97,3.22
24/12/2015,3.96,3.22
31/12/2015,4.01,3.24
07/01/2016,3.97,3.26
14/01/2016,3.92,3.19
21/01/2016,3.81,3.10
28/01/2016,3.79,3.07
04/02/2016,3.72,3.01
11/02/2016,3.65,2.95
18/02/2016,3.65,2.95
25/02/2016,3.62,2.93
03/03/2016,3.64,2.94
10/03/2016,3.68,2.96
17/03/2016,3.73,2.99
24/03/2016,3.71,2.96
31/03/2016,3.71,2.98
07/04/2016,3.59,2.88
14/04/2016,3.58,2.86
21/04/2016,3.59,2.85
28/04/2016,3.66,2.89
05/05/2016,3.61,2.86
12/05/2016,3.57,2.81
19/05/2016,3.58,2.81
26/05/2016,3.64,2.89
02/06/2016,3.66,2.92
09/06/2016,3.60,2.87
16/06/2016,3.54,2.81
23/06/2016,3.56,2.83
30/06/2016,3.48,2.78
07/07/2016,3.41,2.74
14/07/2016,3.42,2.72
21/07/2016,3.45,2.75
28/07/2016,3.48,2.78
04/08/2016,3.43,2.74
11/08/2016,3.45,2.76
18/08/2016,3.43,2.74
25/08/2016,3.43,2.74
01/09/2016,3.46,2.77
08/09/2016,3.44,2.76
15/09/2016,3.50,2.77
22/09/2016,3.48,2.76
29/09/2016,3.42,2.72
06/10/2016,3.42,2.72
13/10/2016,3.47,2.76
20/10/2016,3.52,2.79
27/10/2016,3.47,2.78
03/11/2016,3.54,2.84
10/11/2016,3.57,2.88
17/11/2016,3.94,3.14
23/11/2016,4.03,3.25
01/12/2016,4.08,3.34
08/12/2016,4.13,3.36
15/12/2016,4.16,3.37
22/12/2016,4.30,3.52
29/12/2016,4.32,3.55
05/01/2017,4.20,3.44
12/01/2017,4.12,3.37
19/01/2017,4.09,3.34
26/01/2017,4.19,3.40
02/02/2017,4.19,3.41
09/02/2017,4.17,3.39
16/02/2017,4.15,3.35
23/02/2017,4.16,3.37
02/03/2017,4.10,3.32
09/03/2017,4.21,3.42
16/03/2017,4.30,3.50
23/03/2017,4.23,3.44
30/03/2017,4.14,3.39
06/04/2017,4.10,3.36
13/04/2017,4.08,3.34
20/04/2017,3.97,3.23
27/04/2017,4.03,3.27
04/05/2017,4.02,3.27
11/05/2017,4.05,3.29
18/05/2017,4.02,3.27
25/05/2017,3.95,3.19
01/06/2017,3.94,3.19
08/06/2017,3.89,3.16
15/06/2017,3.91,3.18
22/06/2017,3.90,3.17
29/06/2017,3.88,3.17
06/07/2017,3.96,3.22
13/07/2017,4.03,3.29
20/07/2017,3.96,3.23
27/07/2017,3.92,3.20
03/08/2017,3.93,3.18
10/08/2017,3.90,3.18
17/08/2017,3.89,3.16
24/08/2017,3.86,3.16
31/08/2017,3.82,3.12
07/09/2017,3.78,3.08
14/09/2017,3.78,3.08
21/09/2017,3.83,3.13
28/09/2017,3.83,3.13
05/10/2017,3.85,3.15
12/10/2017,3.91,3.21
19/10/2017,3.88,3.19
26/10/2017,3.94,3.25
02/11/2017,3.94,3.27
09/11/2017,3.90,3.24
16/11/2017,3.95,3.31
22/11/2017,3.92,3.32
30/11/2017,3.90,3.30
07/12/2017,3.94,3.36
14/12/2017,3.93,3.36
21/12/2017,3.94,3.38
28/12/2017,3.99,3.44
04/01/2018,3.95,3.38
11/01/2018,3.99,3.44
18/01/2018,4.04,3.49
25/01/2018,4.15,3.62
01/02/2018,4.22,3.68
08/02/2018,4.32,3.77
15/02/2018,4.38,3.84
22/02/2018,4.40,3.85
01/03/2018,4.43,3.90
08/03/2018,4.46,3.94
15/03/2018,4.44,3.90
22/03/2018,4.45,3.91
29/03/2018,4.44,3.90
05/04/2018,4.40,3.87
12/04/2018,4.42,3.87
19/04/2018,4.47,3.94
26/04/2018,4.58,4.02
03/05/2018,4.55,4.03
10/05/2018,4.55,4.01
17/05/2018,4.61,4.08
24/05/2018,4.66,4.15
31/05/2018,4.56,4.06
07/06/2018,4.54,4.01
14/06/2018,4.62,4.07
21/06/2018,4.57,4.04
28/06/2018,4.55,4.04
05/07/2018,4.52,3.99
12/07/2018,4.53,4.02
19/07/2018,4.52,4.00
26/07/2018,4.54,4.02
02/08/2018,4.60,4.08
09/08/2018,4.59,4.05
16/08/2018,4.53,4.01
23/08/2018,4.51,3.98
30/08/2018,4.52,3.97
06/09/2018,4.54,3.99
13/09/2018,4.60,4.06
20/09/2018,4.65,4.11
27/09/2018,4.72,4.16
04/10/2018,4.71,4.15
11/10/2018,4.90,4.29
18/10/2018,4.85,4.26
25/10/2018,4.86,4.29
01/11/2018,4.83,4.23
08/11/2018,4.94,4.33
15/11/2018,4.94,4.36
21/11/2018,4.81,4.24
29/11/2018,4.81,4.25
06/12/2018,4.75,4.21
13/12/2018,4.63,4.07
20/12/2018,4.62,4.07
27/12/2018,4.55,4.01
03/01/2019,4.51,3.99
10/01/2019,4.45,3.89
17/01/2019,4.45,3.88
24/01/2019,4.45,3.88
31/01/2019,4.46,3.89
07/02/2019,4.41,3.84
14/02/2019,4.37,3.81
21/02/2019,4.35,3.78
28/02/2019,4.35,3.77
07/03/2019,4.41,3.83
14/03/2019,4.31,3.76
21/03/2019,4.28,3.71
28/03/2019,4.06,3.57
04/04/2019,4.08,3.56
11/04/2019,4.12,3.60
18/04/2019,4.17,3.62
25/04/2019,4.20,3.64
02/05/2019,4.14,3.60
09/05/2019,4.10,3.57
16/05/2019,4.07,3.53
23/05/2019,4.06,3.51
30/05/2019,3.99,3.46
06/06/2019,3.82,3.28
13/06/2019,3.82,3.26
20/06/2019,3.84,3.25
27/06/2019,3.73,3.16
03/07/2019,3.75,3.18
11/07/2019,3.75,3.22
18/07/2019,3.81,3.23
25/07/2019,3.75,3.18
01/08/2019,3.75,3.20
08/08/2019,3.60,3.05
15/08/2019,3.60,3.07
22/08/2019,3.55,3.03
29/08/2019,3.58,3.06
05/09/2019,3.49,3.00
12/09/2019,3.56,3.09
19/09/2019,3.73,3.21
26/09/2019,3.64,3.16
03/10/2019,3.65,3.14
10/10/2019,3.57,3.05
17/10/2019,3.69,3.15
24/10/2019,3.75,3.18
31/10/2019,3.78,3.19
07/11/2019,3.69,3.13
14/11/2019,3.75,3.20
21/11/2019,3.66,3.15
27/11/2019,3.68,3.15
05/12/2019,3.68,3.14
12/12/2019,3.73,3.19
19/12/2019,3.73,3.19
26/12/2019,3.74,3.19
02/01/2020,3.72,3.16
09/01/2020,3.64,3.07
16/01/2020,3.65,3.09
23/01/2020,3.60,3.04
30/01/2020,3.51,3.00
06/02/2020,3.45,2.97
13/02/2020,3.47,2.97
20/02/2020,3.49,2.99
27/02/2020,3.45,2.95
05/03/2020,3.29,2.79
12/03/2020,3.36,2.77
19/03/2020,3.65,3.06
26/03/2020,3.50,2.92
02/04/2020,3.33,2.82
09/04/2020,3.33,2.77
16/04/2020,3.31,2.80
23/04/2020,3.33,2.86
30/04/2020,3.23,2.77
07/05/2020,3.26,2.73
14/05/2020,3.28,2.72
21/05/2020,3.24,2.70
28/05/2020,3.15,2.62
04/06/2020,3.18,2.62
11/06/2020,3.21,2.62
18/06/2020,3.13,2.58
25/06/2020,3.13,2.59
02/07/2020,3.07,2.56
09/07/2020,3.03,2.51
16/07/2020,2.98,2.48
23/07/2020,3.01,2.54
30/07/2020,2.99,2.51
06/08/2020,2.88,2.44
13/08/2020,2.96,2.46
20/08/2020,2.99,2.54
27/08/2020,2.91,2.46
03/09/2020,2.93,2.42
10/09/2020,2.86,2.37
17/09/2020,2.87,2.35
24/09/2020,2.90,2.40
01/10/2020,2.88,2.36
08/10/2020,2.87,2.37
15/10/2020,2.81,2.35
22/10/2020,2.80,2.33
29/10/2020,2.81,2.32
05/11/2020,2.78,2.32
12/11/2020,2.84,2.34
19/11/2020,2.72,2.28
25/11/2020,2.72,2.28
03/12/2020,2.71,2.26
10/12/2020,2.71,2.26
17/12/2020,2.67,2.21
24/12/2020,2.66,2.19
31/12/2020,2.67,2.17
07/01/2021,2.65,2.16
14/01/2021,2.79,2.23
21/01/2021,2.77,2.21
28/01/2021,2.73,2.20
04/02/2021,2.73,2.21
11/02/2021,2.73,2.19
18/02/2021,2.81,2.21
25/02/2021,2.97,2.34
04/03/2021,3.02,2.34
11/03/2021,3.05,2.38
18/03/2021,3.09,2.40
25/03/2021,3.17,2.45
01/04/2021,3.18,2.45
08/04/2021,3.13,2.42
15/04/2021,3.04,2.35
22/04/2021,2.97,2.29
29/04/2021,2.98,2.31
06/05/2021,2.96,2.30
13/05/2021,2.94,2.26
20/05/2021,3.00,2.29
27/05/2021,2.95,2.27
03/06/2021,2.99,2.27
10/06/2021,2.96,2.23
17/06/2021,2.93,2.24
24/06/2021,3.02,2.34
01/07/2021,2.98,2.26
08/07/2021,2.90,2.20
15/07/2021,2.88,2.22
22/07/2021,2.78,2.12
29/07/2021,2.80,2.10
05/08/2021,2.77,2.10
12/08/2021,2.87,2.15
19/08/2021,2.86,2.16
26/08/2021,2.87,2.17
02/09/2021,2.87,2.18
09/09/2021,2.88,2.19
16/09/2021,2.86,2.12
23/09/2021,2.88,2.15
30/09/2021,3.01,2.28
07/10/2021,2.99,2.23
14/10/2021,3.05,2.30
21/10/2021,3.09,2.33
28/10/2021,3.14,2.37
04/11/2021,3.09,2.35
10/11/2021,2.98,2.27
18/11/2021,3.10,2.39
24/11/2021,3.10,2.42
02/12/2021,3.11,2.39
09/12/2021,3.10,2.38
16/12/2021,3.12,2.34
23/12/2021,3.05,2.30
30/12/2021,3.11,2.33
06/01/2022,3.22,2.43
13/01/2022,3.45,2.62
20/01/2022,3.56,2.79
27/01/2022,3.55,2.80
03/02/2022,3.55,2.77
10/02/2022,3.69,2.93
17/02/2022,3.92,3.15
24/02/2022,3.89,3.14
03/03/2022,3.76,3.01
10/03/2022,3.85,3.09
17/03/2022,4.16,3.39
24/03/2022,4.42,3.63
31/03/2022,4.67,3.83
07/04/2022,4.72,3.91
14/04/2022,5.00,4.17
21/04/2022,5.11,4.38
28/04/2022,5.10,4.40
05/05/2022,5.27,4.52
12/05/2022,5.30,4.48
19/05/2022,5.25,4.43
26/05/2022,5.10,4.31
02/06/2022,5.09,4.32
09/06/2022,5.23,4.38
16/06/2022,5.78,4.81
23/06/2022,5.81,4.92
30/06/2022,5.70,4.83
07/07/2022,5.30,4.45
14/07/2022,5.51,4.67
21/07/2022,5.54,4.75
28/07/2022,5.30,4.58
04/08/2022,4.99,4.26
11/08/2022,5.22,4.59
18/08/2022,5.13,4.55
25/08/2022,5.55,4.85
01/09/2022,5.66,4.98
08/09/2022,5.89,5.16
15/09/2022,6.02,5.21
22/09/2022,6.29,5.44
29/09/2022,6.70,5.96
06/10/2022,6.66,5.90
13/10/2022,6.92,6.09
20/10/2022,6.94,6.23
27/10/2022,7.08,6.36
03/11/2022,6.95,6.29
10/11/2022,7.08,6.38
11/17/2022,6.61,5.98
11/23/2022,6.58,5.90
12/1/2022,6.49,5.76
12/8/2022,6.33,5.67
12/15/2022,6.31,5.54
12/22/2022,6.27,5.69
12/29/2022,6.42,5.68
1/5/2023,6.48,5.73
1/12/2023,6.33,5.52
1/19/2023,6.15,5.28
1/26/2023,6.13,5.17
2/2/2023,6.09,5.14
2/9/2023,6.12,5.25
2/16/2023,6.32,5.51
2/23/2023,6.50,5.76
3/2/2023,6.65,5.89
3/9/2023,6.73,5.95
3/16/2023,6.60,5.90
3/23/2023,6.42,5.68
3/30/2023,6.32,5.56
4/6/2023,6.28,5.64
4/13/2023,6.27,5.54
4/20/2023,6.39,5.76
4/27/2023,6.43,5.71
5/4/2023,6.39,5.76
5/11/2023,6.35,5.75
5/18/2023,6.39,5.75
5/25/2023,6.57,5.97
6/1/2023,6.79,6.18
6/8/2023,6.71,6.07
6/15/2023,6.69,6.10
6/22/2023,6.67,6.03
6/29/2023,6.71,6.06
7/6/2023,6.81,6.24
7/13/2023,6.96,6.30
7/20/2023,6.78,6.06
7/27/2023,6.81,6.11
8/3/2023,6.90,6.25
8/10/2023,6.96,6.34
8/17/2023,7.09,6.46
8/24/2023,7.23,6.55
8/31/2023,7.18,6.55
9/7/2023,7.12,6.52
9/14/2023,7.18,6.51
9/21/2023,7.19,6.54
9/28/2023,7.31,6.72
10/5/2023,7.49,6.78
10/12/2023,7.57,6.89
10/19/2023,7.63,6.92
10/26/2023,7.79,7.03
11/2/2023,7.76,7.03
11/9/2023,7.50,6.81
11/16/2023,7.44,6.76
11/22/2023,7.29,6.67
11/30/2023,7.22,6.56
12/7/2023,7.03,6.29
12/14/2023,6.95,6.38
12/21/2023,6.67,5.95
12/28/2023,6.61,5.93
1/4/2024,6.62,5.89
1/11/2024,6.66,5.87
1/18/2024,6.60,5.76
1/25/2024,6.69,5.96
2/1/2024,6.63,5.94
2/8/2024,6.64,5.90
2/15/2024,6.77,6.12
2/22/2024,6.90,6.29
2/29/2024,6.94,6.26
3/7/2024,6.88,6.22
3/14/2024,6.74,6.16
3/21/2024,6.87,6.21
3/28/2024,6.79,6.11
4/4/2024,6.82,6.06
4/11/2024,6.88,6.16
4/18/2024,7.10,6.39
4/25/2024,7.17,6.44
5/2/2024,7.22,6.47
5/9/2024,7.09,6.38
5/16/2024,7.02,6.28
5/23/2024,6.94,6.24
5/30/2024,7.03,6.36
6/6/2024,6.99,6.29
6/13/2024,6.95,6.17
6/20/2024,6.87,6.13
6/27/2024,6.86,6.16
7/3/2024,6.95,6.25
7/11/2024,6.89,6.17
7/18/2024,6.77,6.05
7/25/2024,6.78,6.07
8/1/2024,6.73,5.99
8/8/2024,6.47,5.63
8/15/2024,6.49,5.66
8/22/2024,6.46,5.62
8/29/2024,6.35,5.51
9/5/2024,6.35,5.47
9/12/2024,6.20,5.27
9/19/2024,6.09,5.15
9/26/2024,6.08,5.16
10/3/2024,6.12,5.25
10/10/2024,6.32,5.41
10/17/2024,6.44,5.63
10/24/2024,6.54,5.71
10/31/2024,6.72,5.99
11/7/2024,6.79,6.00
11/14/2024,6.78,5.99
11/21/2024,6.84,6.02
11/27/2024,6.81,6.10
12/5/2024,6.69,5.96
12/12/2024,6.60,5.84
12/19/2024,6.72,5.92
12/26/2024,6.85,6.00
1/2/2025,6.91,6.13
1/9/2025,6.93,6.14
1/16/2025,7.04,6.27
1/23/2025,6.96,6.16
1/30/2025,6.95,6.12
2/6/2025,6.89,6.05
2/13/2025,6.87,6.09
2/20/2025,6.85,6.04
2/27/2025,6.76,5.94
3/6/2025,6.63,5.79
3/13/2025,6.65,5.80
3/20/2025,6.67,5.83
3/27/2025,6.65,5.89
4/3/2025,6.64,5.82
4/10/2025,6.62,5.82
